Record_ID,Age,Income,DTI,Tenure_Months,Delinq_12m,Segment,Actual_Event,Pred_Prob
RID-0001,59,37879.60145205038,0.2451,28,0,Urban,0,0.07622
RID-0002,49,67173.53153060745,0.2464,44,1,Urban,0,0.07487
RID-0003,35,64129.85950301442,0.2038,93,0,Rural,0,0.08326
RID-0004,63,74223.41686174105,0.2079,43,0,Urban,1,0.02658
RID-0005,28,38129.83215638246,0.3354,17,1,Semi-Urban,0,0.14522
RID-0006,41,49990.678170811174,0.0989,40,1,Urban,0,0.01144
RID-0007,59,72734.45290840264,0.1582,49,1,Urban,0,0.04296
RID-0008,39,91183.17638079311,0.175,85,1,Urban,0,0.02721
RID-0009,43,84148.05019898975,0.1994,57,0,Semi-Urban,0,0.00984
RID-0010,31,62051.37177881994,0.0776,87,0,Rural,0,0.03101
RID-0011,31,47815.124401971305,0.175,84,0,Rural,0,0.05234
RID-0012,44,70095.51396698263,0.3283,64,0,Semi-Urban,0,0.03028
RID-0013,56,32715.23906766324,0.1306,75,0,Semi-Urban,0,0.11384
RID-0014,60,39574.96401847765,0.5298,57,1,Rural,0,0.44364
RID-0015,44,97744.28281149059,0.0456,98,0,Urban,0,0.001
RID-0016,23,70050.86200117305,0.3856,74,0,Semi-Urban,0,0.02232
RID-0017,42,51311.83165567613,0.0982,74,0,Urban,0,0.001
RID-0018,22,80728.46711463171,0.4403,107,0,Rural,0,0.01742
RID-0019,44,92174.37409623984,0.2249,70,0,Rural,0,0.00488
RID-0020,64,48884.061043858994,0.3555,100,1,Rural,0,0.07053
RID-0021,50,49314.80143876311,0.27,88,0,Urban,0,0.02906
RID-0022,58,46183.85566632486,0.3079,76,0,Rural,0,0.11853
RID-0023,22,84096.25796788404,0.1182,43,0,Semi-Urban,0,0.001
RID-0024,41,84338.9361880031,0.5024,119,0,Urban,0,0.09611
RID-0025,53,94647.58303227747,0.1199,23,0,Urban,0,0.04811
RID-0026,32,85215.0737462209,0.4904,27,0,Rural,0,0.03785
RID-0027,42,19194.54801428703,0.153,58,1,Semi-Urban,0,0.0842
RID-0028,64,67024.10802295498,0.1335,109,0,Urban,0,0.001
RID-0029,45,33540.3649288237,0.2131,37,0,Urban,0,0.12073
RID-0030,47,47177.140625714615,0.2647,6,0,Urban,0,0.15054
RID-0031,62,64264.85508952158,0.1638,65,0,Urban,0,0.05579
RID-0032,48,80889.1349587476,0.41,6,1,Semi-Urban,0,0.14204
RID-0033,36,37728.916438723056,0.1691,50,1,Rural,0,0.19406
RID-0034,35,15000.0,0.3651,22,0,Rural,1,0.17502
RID-0035,64,64513.271045135785,0.5887,105,1,Urban,0,0.0884
RID-0036,23,126089.28958496376,0.3079,88,0,Rural,0,0.001
RID-0037,57,,0.2474,25,1,Urban,1,0.17033
RID-0038,27,61172.885873756466,0.1867,79,0,Urban,0,0.01739
RID-0039,41,104554.09046340197,0.3078,90,0,Urban,0,0.04825
RID-0040,29,74756.8654765447,0.1985,72,0,Urban,0,0.02224
RID-0041,59,65421.525924573456,0.2641,51,1,Urban,0,0.07401
RID-0042,38,71052.91663283683,0.4612,88,0,Urban,0,0.0733
RID-0043,24,,0.3864,48,0,Urban,1,0.10167
RID-0044,45,31506.13929608235,0.0526,102,0,Urban,0,0.08481
RID-0045,34,26463.871055007563,0.5298,70,0,Rural,0,0.40519
RID-0046,29,107170.70280310592,0.2489,118,0,Urban,0,0.06251
RID-0047,46,,0.4521,99,0,Semi-Urban,0,0.06742
RID-0048,22,62502.38606449246,0.1576,106,0,Urban,0,0.04079
RID-0049,40,57744.30839859476,0.2471,65,1,Rural,0,0.05916
RID-0050,48,79526.83169041132,0.1676,60,1,Semi-Urban,0,0.02026
RID-0051,27,123467.27754343717,0.5263,46,1,Semi-Urban,0,0.08805
RID-0052,64,73098.81667769485,0.698,36,0,Semi-Urban,0,0.2124
RID-0053,28,45297.82934213618,0.0926,58,0,Urban,0,0.001
RID-0054,55,56664.9785527114,0.1356,76,0,Urban,0,0.01006
RID-0055,34,86774.91168013138,0.368,38,0,Urban,0,0.01942
RID-0056,37,45429.98496467506,0.255,11,0,Urban,0,0.12676
RID-0057,56,81306.1622257567,0.0534,12,0,Urban,0,0.02991
RID-0058,60,15000.0,0.1127,42,1,Semi-Urban,0,0.13373
RID-0059,24,54253.01071384033,0.1566,114,1,Rural,0,0.12657
RID-0060,22,75703.50033701674,0.3248,39,0,Rural,0,0.01614
RID-0061,26,,0.3058,71,0,Semi-Urban,0,0.03817
RID-0062,62,39538.14457394022,0.4742,11,1,Rural,1,0.46249
RID-0063,24,22430.874559234908,0.125,36,3,Rural,0,0.22575
RID-0064,49,53481.620877704525,0.1719,52,1,Rural,0,0.05635
RID-0065,38,31864.52480632778,0.1753,31,0,Urban,0,0.09658
RID-0066,46,56274.08333176175,0.2431,33,0,Urban,0,0.04742
RID-0067,64,59833.66363421907,0.0148,13,0,Semi-Urban,0,0.001
RID-0068,54,27021.373869951378,0.1592,18,0,Semi-Urban,0,0.03862
RID-0069,30,,0.1593,41,0,Semi-Urban,0,0.06063
RID-0070,56,56069.65266588872,0.0519,58,1,Urban,0,0.08064
RID-0071,34,87011.49672513374,0.3729,56,0,Semi-Urban,0,0.06008
RID-0072,51,15000.0,0.3188,24,1,Urban,0,0.38803
RID-0073,35,34570.19573636523,0.3783,73,1,Urban,0,0.12861
RID-0074,28,72916.73271620307,0.3273,31,0,Urban,0,0.07414
RID-0075,34,40022.235729368374,0.5088,55,0,Urban,1,0.07535
RID-0076,43,55886.6085487576,0.0944,105,0,Urban,1,0.001
RID-0077,60,60017.47793892937,0.5782,10,0,Urban,0,0.1979
RID-0078,41,63956.39952383419,0.093,60,1,Urban,0,0.06484
RID-0079,36,43060.84468165733,0.411,2,1,Urban,0,0.13927
RID-0080,38,63732.16408681194,0.1578,102,0,Rural,0,0.07047
RID-0081,44,40436.407369137996,0.3441,15,0,Rural,0,0.15013
RID-0082,46,76857.01171866938,0.3348,3,0,Urban,1,0.09208
RID-0083,45,57128.899512924414,0.0526,43,1,Urban,0,0.06101
RID-0084,61,63875.91558988797,0.1957,31,1,Rural,1,0.07958
RID-0085,49,124248.17099225835,0.2961,70,0,Urban,0,0.001
RID-0086,35,32322.38863499946,0.4145,67,0,Urban,0,0.01251
RID-0087,21,94714.5567260072,0.2185,56,1,Rural,0,0.0609
RID-0088,45,15000.0,0.4891,63,0,Semi-Urban,0,0.09612
RID-0089,27,15000.0,0.0714,75,0,Urban,0,0.07699
RID-0090,29,28983.99805781073,0.1174,15,0,Urban,0,0.15874
RID-0091,44,30561.79086812659,0.6097,109,0,Urban,0,0.18179
RID-0092,21,65092.54495347124,0.0995,116,0,Rural,0,0.001
RID-0093,64,67246.0566042117,0.055,92,2,Urban,0,0.12315
RID-0094,28,53629.468290690886,0.2312,10,0,Urban,0,0.001
RID-0095,44,56253.05083093846,0.3229,38,0,Urban,0,0.17602
RID-0096,31,73194.11902329153,0.275,47,3,Semi-Urban,0,0.06192
RID-0097,37,80830.59694051855,0.5674,57,0,Rural,0,0.0142
RID-0098,28,26836.524597256022,0.3182,50,1,Rural,0,0.18544
RID-0099,55,50952.72571917491,0.0973,114,0,Semi-Urban,0,0.07614
RID-0100,55,58260.25442717475,0.3555,71,1,Urban,0,0.03916
RID-0101,53,72132.89991401133,0.0629,15,0,Semi-Urban,0,0.01527
RID-0102,25,40683.32144316323,0.1476,18,0,Rural,0,0.04162
RID-0103,62,57769.47061015825,0.142,82,0,Urban,0,0.10068
RID-0104,59,60749.59086317894,0.2443,116,1,Semi-Urban,0,0.001
RID-0105,61,42388.24741351175,0.2442,105,0,Semi-Urban,0,0.0085
RID-0106,48,41792.12125130285,0.2637,88,0,Semi-Urban,0,0.04084
RID-0107,27,62468.64444093336,0.2267,2,0,Urban,0,0.001
RID-0108,29,56741.371350319794,0.2053,104,0,Semi-Urban,0,0.001
RID-0109,28,72511.9379855158,0.3408,84,0,Semi-Urban,0,0.001
RID-0110,32,33668.531983875095,0.3042,98,0,Urban,0,0.07896
RID-0111,54,51232.96180303032,0.5368,43,2,Urban,0,0.41159
RID-0112,53,54269.5987111602,0.5014,26,0,Urban,0,0.27851
RID-0113,43,80346.59770309014,0.0618,71,0,Semi-Urban,0,0.02963
RID-0114,44,36489.65563580244,0.2405,38,1,Rural,0,0.14904
RID-0115,57,65866.30012887716,0.2316,94,1,Urban,0,0.1234
RID-0116,55,66318.88768844717,0.2786,42,2,Urban,0,0.23659
RID-0117,64,101159.93106699933,0.1176,5,0,Urban,1,0.02865
RID-0118,60,34822.76589234347,0.193,11,1,Rural,0,0.19273
RID-0119,42,43569.167047062656,0.3517,65,0,Urban,0,0.02183
RID-0120,47,36566.10794441697,0.3572,34,0,Semi-Urban,0,0.13238
RID-0121,55,18255.520698289998,0.1607,1,0,Rural,0,0.25703
RID-0122,21,104117.17335656798,0.1565,83,1,Rural,0,0.001
RID-0123,55,28962.46922627194,0.3577,2,0,Urban,0,0.22129
RID-0124,57,39592.364773628855,0.5602,85,2,Urban,1,0.28809
RID-0125,34,92894.162707054,0.3634,20,0,Urban,0,0.03184
RID-0126,23,16172.32382654462,0.1727,61,0,Urban,0,0.001
RID-0127,21,,0.3563,87,0,Urban,0,0.01072
RID-0128,25,24674.391366455566,0.358,21,0,Semi-Urban,0,0.1588
RID-0129,46,91167.36841323967,0.2044,88,0,Urban,0,0.07463
RID-0130,34,15000.0,0.4148,68,0,Urban,0,0.18173
RID-0131,59,16163.264593733431,0.4944,12,0,Urban,0,0.24131
RID-0132,47,46376.94412602729,0.2303,22,0,Urban,0,0.001
RID-0133,29,84295.56725431839,0.4763,20,0,Semi-Urban,0,0.07434
RID-0134,35,59226.043734085666,0.6901,82,0,Urban,0,0.20037
RID-0135,35,51607.12317783573,0.4295,1,1,Urban,0,0.26708
RID-0136,46,93651.10518661793,0.0512,30,0,Rural,0,0.001
RID-0137,62,113880.98846082683,0.2475,97,0,Urban,0,0.01253
RID-0138,33,76806.4321103443,0.4634,24,1,Urban,0,0.15259
RID-0139,52,44428.63742246792,0.3706,14,0,Urban,0,0.23314
RID-0140,59,49546.4241497682,0.2493,36,0,Urban,0,0.11401
RID-0141,52,27788.81550606688,0.2228,69,1,Urban,0,0.1017
RID-0142,24,62520.4355563513,0.19,75,0,Urban,0,0.05591
RID-0143,50,19260.175350591824,0.4666,24,0,Semi-Urban,0,0.19411
RID-0144,57,73796.59138273752,0.1228,60,0,Urban,1,0.001
RID-0145,43,110139.35114099883,0.0118,95,1,Rural,0,0.001
RID-0146,59,77939.78949482625,0.1381,55,0,Rural,0,0.02722
RID-0147,35,48271.30699512664,0.2846,77,0,Urban,1,0.03811
RID-0148,63,73173.43531579476,0.5227,80,0,Urban,0,0.04322
RID-0149,49,100513.33612914692,0.213,24,0,Urban,0,0.01076
RID-0150,56,,0.1097,77,0,Rural,0,0.04565
RID-0151,33,34906.052710915734,0.0683,24,0,Rural,0,0.02509
RID-0152,52,72757.40973955808,0.4116,54,0,Rural,0,0.1012
RID-0153,27,56047.46274824504,0.1347,26,0,Urban,0,0.03506
RID-0154,42,80164.83119784217,0.2054,66,2,Semi-Urban,0,0.06224
RID-0155,48,69590.34884541927,0.3393,80,0,Urban,0,0.08619
RID-0156,22,15000.0,0.1533,38,1,Urban,0,0.13231
RID-0157,62,51299.67284257903,0.6397,110,0,Urban,0,0.09263
RID-0158,26,64963.95907240729,0.4289,65,1,Urban,0,0.001
RID-0159,48,24140.875821028858,0.203,113,0,Urban,0,0.04466
RID-0160,48,74525.55024664964,0.4919,75,0,Rural,0,0.001
RID-0161,64,21899.61895682424,0.2397,51,0,Semi-Urban,0,0.24764
RID-0162,64,40039.02381457366,0.0461,35,0,Semi-Urban,0,0.01149
RID-0163,40,93532.79799250336,0.2179,43,0,Urban,1,0.07124
RID-0164,50,37905.55527839329,0.215,29,1,Rural,0,0.18135
RID-0165,31,74349.17398004189,0.3149,37,0,Urban,0,0.04634
RID-0166,48,16160.657052282826,0.3938,81,0,Urban,1,0.24698
RID-0167,45,112032.86641912855,0.2397,58,0,Urban,0,0.00491
RID-0168,59,52386.159037818565,0.178,54,1,Urban,0,0.05655
RID-0169,53,62383.02017369298,0.3597,39,0,Urban,0,0.0743
RID-0170,21,64475.91991372413,0.0587,42,0,Urban,0,0.04334
RID-0171,47,75189.17160828397,0.4424,28,0,Rural,0,0.15042
RID-0172,33,22020.500425345577,0.4289,29,0,Semi-Urban,0,0.03421
RID-0173,61,59866.58822908342,0.2986,43,0,Urban,0,0.15123
RID-0174,23,43530.77935546608,0.1253,3,0,Semi-Urban,0,0.04515
RID-0175,59,17761.069348043246,0.1974,116,0,Rural,0,0.14997
RID-0176,26,84678.05500321776,0.4799,10,0,Urban,0,0.06001
RID-0177,28,51195.67541001023,0.0642,59,0,Rural,0,0.07038
RID-0178,47,66063.01064031299,0.3125,106,0,Urban,0,0.00987
RID-0179,29,64496.13546820148,0.095,14,0,Semi-Urban,0,0.04764
RID-0180,57,51628.693190597165,0.3259,76,1,Rural,0,0.2441
RID-0181,53,109375.68384076953,0.2494,47,0,Semi-Urban,0,0.001
RID-0182,62,58818.38368427477,0.4095,42,0,Rural,0,0.16047
RID-0183,64,21051.192058083303,0.6477,94,0,Semi-Urban,0,0.50638
RID-0184,44,49990.46599541705,0.2774,32,0,Rural,0,0.16554
RID-0185,35,72493.44050280275,0.1758,32,0,Urban,0,0.0438
RID-0186,52,73314.87773426378,0.1079,42,0,Urban,1,0.00394
RID-0187,52,32805.476618455956,0.3298,32,0,Urban,1,0.11564
RID-0188,44,83237.06268361924,0.4268,26,0,Urban,0,0.16417
RID-0189,61,15928.326778224,0.5275,115,0,Urban,0,0.19836
RID-0190,32,88603.38006541046,0.3914,1,0,Semi-Urban,0,0.08443
RID-0191,59,27016.302771564864,0.0465,56,0,Urban,0,0.001
RID-0192,22,54343.8695247831,0.2419,106,0,Semi-Urban,0,0.09012
RID-0193,23,86614.2169506675,0.3619,2,0,Semi-Urban,1,0.09786
RID-0194,57,62990.14172217673,0.2013,81,1,Rural,0,0.02866
RID-0195,37,80417.46294283925,0.3034,30,0,Semi-Urban,0,0.13489
RID-0196,22,75466.5489927483,0.7017,103,0,Urban,0,0.05447
RID-0197,22,92156.71533511503,0.4861,71,0,Semi-Urban,0,0.001
RID-0198,48,86555.24627284279,0.3391,52,1,Urban,0,0.03523
RID-0199,43,48656.392286588954,0.0493,91,0,Urban,0,0.04659
RID-0200,57,75823.54084483662,0.3717,9,0,Urban,0,0.04395
RID-0201,52,21836.203457556338,0.3276,22,0,Urban,0,0.03749
RID-0202,53,58552.37731655538,0.3347,34,0,Rural,0,0.06001
RID-0203,21,80462.11836596348,0.1523,110,0,Urban,0,0.001
RID-0204,39,63346.19135615,0.3295,49,0,Urban,0,0.001
RID-0205,22,71165.99328792715,0.0203,1,0,Semi-Urban,0,0.00404
RID-0206,64,54668.19060085522,0.0959,73,1,Rural,0,0.11762
RID-0207,46,88226.73593837857,0.2175,84,0,Urban,0,0.03245
RID-0208,52,57989.605657275184,0.1916,53,0,Rural,0,0.03132
RID-0209,26,48363.74543989867,0.5268,83,0,Rural,0,0.04315
RID-0210,52,82162.93531422636,0.1934,100,0,Semi-Urban,0,0.01182
RID-0211,24,24871.0019408885,0.1764,40,0,Urban,0,0.06589
RID-0212,31,72525.83358793362,0.1281,45,0,Urban,0,0.00758
RID-0213,37,33937.878144321534,0.3398,68,0,Urban,1,0.07814
RID-0214,58,91948.17073095412,0.6475,9,0,Urban,0,0.1287
RID-0215,44,53474.318668830114,0.1761,105,0,Semi-Urban,0,0.0292
RID-0216,25,63374.61802049221,0.6091,22,0,Urban,0,0.17308
RID-0217,54,70314.25991610307,0.3623,18,0,Semi-Urban,0,0.13848
RID-0218,26,15000.0,0.0864,76,0,Urban,0,0.001
RID-0219,42,43735.37896107858,0.2666,106,0,Semi-Urban,0,0.00446
RID-0220,31,86088.64773216384,0.089,43,0,Urban,0,0.00256
RID-0221,36,81694.12560427221,0.5642,39,0,Semi-Urban,0,0.10857
RID-0222,53,67075.80513488041,0.2401,73,0,Semi-Urban,0,0.03469
RID-0223,29,26263.41071436191,0.059,6,0,Semi-Urban,0,0.07568
RID-0224,26,74637.58652146449,0.2422,83,0,Urban,0,0.01181
RID-0225,36,77834.98975513614,0.2351,48,1,Urban,0,0.001
RID-0226,49,61175.43032809363,0.3597,111,0,Rural,0,0.001
RID-0227,23,90579.27376478643,0.3403,7,0,Urban,0,0.10873
RID-0228,40,42914.205246746926,0.5625,80,0,Urban,0,0.26001
RID-0229,56,47253.56056250063,0.2098,69,0,Urban,0,0.001
RID-0230,39,15000.0,0.0769,16,0,Urban,0,0.09617
RID-0231,46,82995.68775369159,0.3943,1,0,Urban,0,0.10837
RID-0232,23,67846.54908675335,0.1776,115,0,Urban,0,0.00694
RID-0233,39,17954.49187166927,0.1517,37,0,Urban,0,0.07671
RID-0234,40,16035.025000146314,0.0813,103,0,Urban,0,0.09097
RID-0235,52,38184.23431572473,0.2735,83,0,Rural,1,0.19507
RID-0236,27,79841.44854950884,0.5067,118,0,Urban,0,0.04403
RID-0237,61,52490.987797784284,0.2659,37,1,Urban,0,0.26848
RID-0238,53,39880.32708349188,0.2326,81,0,Semi-Urban,0,0.12124
RID-0239,60,34847.1026729126,0.5517,64,0,Semi-Urban,0,0.30514
RID-0240,59,33727.20105429533,0.2826,90,0,Semi-Urban,0,0.06596
RID-0241,38,15000.0,0.078,86,1,Semi-Urban,0,0.03954
RID-0242,60,29815.10420884064,0.1658,62,0,Urban,0,0.001
RID-0243,21,33235.548008070815,0.223,72,1,Rural,0,0.16699
RID-0244,31,77065.58091142865,0.4177,61,0,Urban,0,0.06942
RID-0245,48,55856.923671334625,0.6593,33,1,Rural,0,0.21472
RID-0246,45,39360.378924563476,0.1798,66,0,Urban,0,0.09028
RID-0247,43,117743.06888515467,0.3854,30,1,Rural,0,0.10164
RID-0248,51,43402.577161333356,0.1651,111,1,Urban,0,0.13599
RID-0249,50,89177.5728595909,0.3405,20,1,Urban,1,0.02945
RID-0250,62,100527.71394469289,0.1994,60,1,Rural,0,0.09089
RID-0251,55,20750.991558566428,0.472,82,1,Urban,0,0.29916
RID-0252,27,61849.0741018392,0.1454,107,0,Urban,0,0.01552
RID-0253,36,47061.658727294394,0.4835,74,0,Urban,0,0.07477
RID-0254,46,45026.8900860166,0.4784,24,0,Urban,0,0.12336
RID-0255,22,73884.4204201727,0.2021,4,0,Urban,0,0.06782
RID-0256,21,44428.237589417906,0.7113,37,2,Semi-Urban,1,0.48837
RID-0257,32,47600.773841838236,0.2515,4,2,Urban,1,0.25667
RID-0258,25,55797.12760936766,0.1186,77,0,Urban,0,0.03822
RID-0259,57,50665.018290585765,0.1043,89,1,Urban,1,0.08546
RID-0260,52,30660.74482469687,0.1599,77,1,Rural,0,0.09843
RID-0261,29,79897.66262118684,0.1906,18,1,Rural,0,0.019
RID-0262,61,86213.27346269,0.4644,88,0,Rural,1,0.13025
RID-0263,55,68590.46473838043,0.2979,66,0,Rural,1,0.15741
RID-0264,39,50586.183724443355,0.2418,48,0,Semi-Urban,0,0.03374
RID-0265,36,42369.731591755466,0.7685,33,0,Semi-Urban,0,0.39227
RID-0266,23,42409.49842683884,0.4111,58,0,Rural,0,0.28187
RID-0267,40,118934.4091258177,0.1801,83,0,Urban,0,0.001
RID-0268,44,83445.9575391661,0.2866,73,1,Rural,0,0.08758
RID-0269,53,38997.248035416545,0.3192,28,0,Urban,1,0.07451
RID-0270,44,64117.44568592851,0.0091,35,0,Rural,0,0.0185
RID-0271,31,50936.624372515944,0.3344,103,0,Semi-Urban,0,0.06896
RID-0272,28,74595.00940390727,0.0837,10,0,Rural,0,0.04964
RID-0273,56,73587.47756973354,0.4368,65,0,Semi-Urban,0,0.03146
RID-0274,58,87090.24134763677,0.0369,42,0,Urban,0,0.001
RID-0275,60,38736.088533445116,0.3451,85,0,Urban,0,0.07549
RID-0276,40,62618.38246595326,0.3028,9,0,Urban,0,0.2019
RID-0277,55,16286.325376061839,0.1601,60,1,Semi-Urban,1,0.18733
RID-0278,45,28566.492489278884,0.3512,111,3,Semi-Urban,1,0.26772
RID-0279,55,82102.52091397949,0.1378,15,0,Rural,0,0.03819
RID-0280,45,36232.90521486683,0.1583,99,0,Rural,0,0.04388
RID-0281,49,38977.28004880363,0.2937,57,0,Rural,1,0.10172
RID-0282,38,59793.04813624876,0.3578,69,0,Semi-Urban,0,0.14806
RID-0283,38,77369.02577116349,0.1149,105,0,Semi-Urban,0,0.02083
RID-0284,22,33479.33010414759,0.1888,22,0,Rural,0,0.07288
RID-0285,55,15000.0,0.4275,64,2,Rural,0,0.1543
RID-0286,36,38244.41894641221,0.1085,41,0,Urban,0,0.04242
RID-0287,61,90140.70194882093,0.1321,87,1,Rural,0,0.001
RID-0288,56,68578.37627542185,0.2963,71,1,Urban,0,0.03494
RID-0289,53,93096.87009468033,0.3505,56,0,Urban,0,0.04627
RID-0290,24,31704.596446682604,0.3827,23,0,Semi-Urban,0,0.03798
RID-0291,53,19015.093308398595,0.2582,108,1,Urban,1,0.08132
RID-0292,34,71563.71381618851,0.4108,25,0,Semi-Urban,0,0.03645
RID-0293,41,66000.56844212615,0.3471,91,0,Urban,0,0.02367
RID-0294,40,67638.85800943147,0.3684,105,0,Urban,0,0.01612
RID-0295,28,83324.91606626421,0.283,6,1,Urban,0,0.06887
RID-0296,27,70542.1230978065,0.1909,119,0,Urban,0,0.01376
RID-0297,23,70140.43982850946,0.057,34,0,Urban,0,0.06601
RID-0298,37,77875.17534502852,0.2983,63,0,Urban,0,0.001
RID-0299,53,72560.41580467568,0.0778,9,1,Urban,0,0.0856
RID-0300,32,81436.14829293515,0.1797,60,0,Urban,0,0.01168
RID-0301,42,85213.02061946454,0.0643,49,0,Urban,0,0.01328
RID-0302,42,98292.22003102288,0.3984,97,0,Rural,0,0.00815
RID-0303,50,43770.21687740802,0.1543,51,2,Urban,0,0.13752
RID-0304,58,72014.05268526869,0.5395,60,0,Rural,0,0.0587
RID-0305,58,50741.915785067584,0.2967,70,0,Rural,0,0.04119
RID-0306,28,39161.02531801833,0.5198,37,1,Urban,1,0.3472
RID-0307,47,42761.49197299084,0.0796,31,0,Semi-Urban,0,0.03059
RID-0308,47,72373.88793903813,0.3967,98,0,Rural,0,0.11032
RID-0309,54,70456.31386965001,0.2477,41,1,Rural,0,0.12863
RID-0310,41,70010.30073096092,0.3469,62,0,Urban,0,0.04726
RID-0311,50,54357.158810766676,0.1485,93,0,Rural,0,0.07951
RID-0312,53,60085.36877946026,0.2742,58,0,Semi-Urban,0,0.16932
RID-0313,48,80443.81739690124,0.3746,14,0,Urban,0,0.00355
RID-0314,53,22765.173508767344,0.3181,36,1,Urban,0,0.30646
RID-0315,25,60616.05246071461,0.3658,36,0,Urban,0,0.06169
RID-0316,39,62248.903703169744,0.3245,117,1,Rural,0,0.07322
RID-0317,24,78832.60672694123,0.446,79,0,Urban,0,0.07825
RID-0318,55,26243.78970142937,0.1094,8,1,Rural,0,0.17583
RID-0319,37,97378.3436379353,0.2297,26,0,Urban,0,0.07352
RID-0320,64,65340.76061071275,0.0445,36,0,Semi-Urban,0,0.04462
RID-0321,48,66664.51366737341,0.0502,48,1,Urban,0,0.08354
RID-0322,50,49965.50606669434,0.0358,85,0,Urban,0,0.001
RID-0323,49,73450.5588699211,0.1596,28,0,Rural,1,0.04129
RID-0324,26,61198.851257077644,0.2438,68,0,Urban,0,0.07005
RID-0325,55,90224.54860266164,0.2213,62,1,Urban,0,0.04324
RID-0326,61,23962.64379840962,0.2998,80,0,Urban,0,0.07628
RID-0327,57,64388.6457472627,0.2807,86,0,Urban,0,0.02759
RID-0328,44,70212.80870943566,0.2861,76,0,Semi-Urban,0,0.00118
RID-0329,49,55340.69014092271,0.1806,80,0,Semi-Urban,0,0.0406
RID-0330,51,49883.35441732385,0.0632,51,0,Urban,0,0.001
RID-0331,55,50926.06802578231,0.0728,104,1,Urban,0,0.01064
RID-0332,53,64365.9817341957,0.1727,102,0,Urban,0,0.08293
RID-0333,41,15000.0,0.6126,42,0,Rural,0,0.2965
RID-0334,52,84125.37402658074,0.1841,101,0,Urban,0,0.06129
RID-0335,43,47996.70330760373,0.047,29,0,Urban,0,0.07262
RID-0336,53,63195.06743416957,0.422,82,0,Urban,0,0.05558
RID-0337,23,69177.55666970168,0.0601,10,1,Rural,0,0.03159
RID-0338,38,46854.86531717608,0.055,106,0,Urban,0,0.001
RID-0339,45,56724.0398250251,0.311,39,0,Semi-Urban,0,0.01528
RID-0340,62,15000.0,0.3631,82,1,Urban,1,0.30572
RID-0341,51,78303.0901833268,0.4333,1,0,Urban,0,0.11989
RID-0342,23,87001.72500805411,0.1319,39,0,Urban,0,0.001
RID-0343,60,17475.161201531162,0.0886,21,0,Urban,0,0.13726
RID-0344,44,49837.678082593455,0.4824,65,0,Urban,0,0.04201
RID-0345,52,29253.265543979636,0.2906,15,1,Urban,0,0.17471
RID-0346,42,55556.49196281485,0.172,4,0,Urban,0,0.10463
RID-0347,43,76215.90836802403,0.4719,60,0,Urban,0,0.13444
RID-0348,22,84682.72248141564,0.4304,61,0,Urban,0,0.12781
RID-0349,47,88046.32973567121,0.1403,20,0,Semi-Urban,0,0.03878
RID-0350,62,92763.59561730533,0.2661,10,0,Urban,0,0.05595
RID-0351,22,54439.68053861086,0.1219,87,0,Rural,0,0.001
RID-0352,46,31326.03428166402,0.1193,105,0,Urban,0,0.06574
RID-0353,37,57135.24249230078,0.1505,34,0,Urban,0,0.03378
RID-0354,60,75831.6875575894,0.3159,110,0,Urban,1,0.02205
RID-0355,53,29318.505476978564,0.335,48,1,Urban,1,0.21136
RID-0356,29,101503.42383620606,0.0769,33,0,Urban,0,0.03779
RID-0357,63,82447.21346900854,0.3251,98,1,Urban,0,0.001
RID-0358,59,54835.82078921678,0.0897,103,3,Rural,1,0.18674
RID-0359,49,42228.20173971898,0.3864,61,0,Urban,0,0.05807
RID-0360,62,43271.972972183925,0.4843,10,0,Urban,0,0.3326
RID-0361,46,61855.155345003885,0.2748,54,0,Urban,0,0.00265
RID-0362,55,54264.93493174119,0.1981,84,0,Rural,0,0.03991
RID-0363,45,83762.56888206562,0.3232,65,0,Rural,0,0.00891
RID-0364,44,51425.60429243428,0.0813,77,1,Urban,0,0.03108
RID-0365,33,72637.54526528728,0.4019,1,2,Urban,0,0.24466
RID-0366,27,59276.87789562825,0.5068,5,1,Urban,0,0.21297
RID-0367,56,66741.73393492677,0.3603,80,1,Urban,0,0.12693
RID-0368,40,54248.589110090434,0.3646,15,0,Rural,0,0.14203
RID-0369,21,77692.88853124052,0.4771,113,2,Rural,0,0.02201
RID-0370,28,78063.50200725193,0.3206,28,0,Urban,0,0.01718
RID-0371,36,71498.22564555361,0.0691,95,0,Urban,0,0.07047
RID-0372,34,75187.8581787376,0.2649,23,0,Rural,0,0.1022
RID-0373,32,36390.780561423686,0.3118,112,2,Urban,0,0.11444
RID-0374,43,68081.14407272449,0.2043,109,0,Urban,0,0.06028
RID-0375,35,91230.04418718834,0.2498,107,0,Rural,0,0.03944
RID-0376,48,72285.11417548744,0.3041,17,0,Urban,0,0.0626
RID-0377,54,,0.1032,113,0,Urban,0,0.05581
RID-0378,22,58755.83725877288,0.0631,98,0,Urban,0,0.001
RID-0379,52,69374.44845849273,0.3087,13,0,Rural,0,0.00707
RID-0380,43,41065.01207754227,0.2834,14,0,Urban,0,0.14288
RID-0381,42,26043.22008191618,0.4985,11,0,Semi-Urban,0,0.40005
RID-0382,45,52097.55328908683,0.181,28,0,Rural,0,0.05991
RID-0383,42,41479.189800807435,0.2299,42,0,Urban,0,0.06126
RID-0384,42,59642.77421525078,0.1736,96,0,Urban,0,0.001
RID-0385,62,20214.883812592787,0.5955,99,0,Urban,0,0.3842
RID-0386,26,74117.5265634039,0.3945,61,2,Urban,1,0.18771
RID-0387,35,44134.874117666084,0.2763,64,1,Semi-Urban,1,0.04886
RID-0388,63,84893.8059170339,0.455,31,0,Rural,0,0.10594
RID-0389,57,53077.529005090546,0.2862,81,0,Urban,0,0.07158
RID-0390,53,59365.27384038782,0.129,111,2,Rural,0,0.001
RID-0391,28,55674.12803257706,0.358,73,0,Urban,0,0.08825
RID-0392,64,42796.00774749319,0.1745,10,0,Rural,0,0.13691
RID-0393,64,121806.9865568165,0.3592,8,1,Rural,0,0.05899
RID-0394,25,47603.34554981788,0.3189,21,0,Urban,0,0.11734
RID-0395,59,85588.0380616415,0.3698,77,0,Urban,0,0.001
RID-0396,24,32659.276348415126,0.3198,59,0,Rural,0,0.20603
RID-0397,26,69303.28477732903,0.231,50,1,Rural,0,0.0993
RID-0398,52,71971.80409829589,0.1932,69,1,Urban,0,0.05046
RID-0399,50,59395.57557254676,0.1816,70,1,Urban,0,0.14448
RID-0400,55,45724.88200901067,0.1339,30,0,Rural,0,0.00957
RID-0401,60,53416.9524346509,0.172,95,0,Urban,0,0.03049
RID-0402,36,49917.76245067199,0.1262,17,0,Urban,0,0.10353
RID-0403,33,120050.6570458864,0.4631,75,0,Urban,0,0.001
RID-0404,62,59434.92276387951,0.4067,20,1,Urban,0,0.14574
RID-0405,50,73122.21946659876,0.29,48,1,Urban,0,0.05906
RID-0406,39,104540.62726063418,0.2841,73,0,Semi-Urban,0,0.04866
RID-0407,37,38092.03330064547,0.2181,2,0,Rural,0,0.16864
RID-0408,39,60941.505829198446,0.3125,37,0,Urban,0,0.01287
RID-0409,48,53270.34670796528,0.2368,1,0,Urban,0,0.13886
RID-0410,46,57846.5388629159,0.1188,4,1,Urban,1,0.10161
RID-0411,57,55524.70082206286,0.4545,100,1,Urban,0,0.1697
RID-0412,46,41703.07285924457,0.3437,54,0,Semi-Urban,0,0.05455
RID-0413,43,64885.25712491582,0.3277,25,2,Urban,0,0.02255
RID-0414,29,33434.18056459747,0.514,3,1,Semi-Urban,1,0.32951
RID-0415,32,84722.06843272546,0.1987,9,0,Urban,0,0.00995
RID-0416,21,75582.7451663651,0.1531,86,0,Rural,0,0.001
RID-0417,21,47663.42959089961,0.4174,87,1,Urban,0,0.13581
RID-0418,54,48875.41696565351,0.5998,76,0,Urban,1,0.13306
RID-0419,52,66887.76405870632,0.5734,74,0,Urban,0,0.07304
RID-0420,45,40036.367109845436,0.5234,34,0,Semi-Urban,0,0.07221
RID-0421,60,105299.50310337178,0.3072,43,0,Rural,0,0.001
RID-0422,21,68948.14321729421,0.4707,74,0,Semi-Urban,0,0.06828
RID-0423,36,69831.57878459194,0.0152,94,0,Rural,0,0.001
RID-0424,59,77036.12700893215,0.5447,22,0,Semi-Urban,0,0.09754
RID-0425,25,45513.418148248245,0.1601,70,0,Urban,0,0.001
RID-0426,42,87225.24954461935,0.0977,114,0,Urban,0,0.001
RID-0427,49,62863.3341553866,0.2517,2,0,Rural,1,0.15514
RID-0428,23,83753.6367749708,0.1855,94,0,Rural,0,0.01477
RID-0429,32,55051.17183579174,0.217,66,1,Rural,0,0.09694
RID-0430,46,92931.95566827964,0.1153,32,0,Urban,0,0.001
RID-0431,36,70033.59067561975,0.3231,106,0,Urban,0,0.03612
RID-0432,57,114562.67560442718,0.0871,16,2,Semi-Urban,0,0.14543
RID-0433,42,50761.95957944425,0.1687,76,0,Rural,1,0.06923
RID-0434,49,65113.73490226864,0.14,1,0,Urban,0,0.05213
RID-0435,34,34210.593828246056,0.1368,117,0,Rural,0,0.02581
RID-0436,48,46767.5440613445,0.3458,72,0,Semi-Urban,0,0.10073
RID-0437,25,75467.16369619765,0.152,48,0,Urban,0,0.03103
RID-0438,50,88233.11093848752,0.1145,50,1,Semi-Urban,0,0.00242
RID-0439,25,134125.25879301806,0.1345,13,0,Semi-Urban,0,0.001
RID-0440,32,57584.27733441948,0.0803,15,0,Semi-Urban,0,0.05116
RID-0441,36,36669.66480886006,0.1176,53,0,Semi-Urban,0,0.001
RID-0442,46,78833.14400943104,0.2559,44,0,Urban,0,0.083
RID-0443,46,31804.31948746735,0.0666,8,0,Urban,0,0.06453
RID-0444,41,74106.93470066841,0.3607,74,0,Urban,0,0.08627
RID-0445,59,47443.6070951469,0.1909,46,0,Urban,0,0.0284
RID-0446,56,65289.87425950983,0.1882,69,0,Urban,0,0.04545
RID-0447,53,87276.15255411668,0.4656,114,0,Urban,0,0.08945
RID-0448,50,57231.664272982605,0.1253,19,0,Urban,1,0.03526
RID-0449,57,83321.97710821553,0.1081,111,0,Urban,0,0.001
RID-0450,43,81828.96371547872,0.2832,38,0,Urban,0,0.03464
RID-0451,30,15000.0,0.1926,11,0,Semi-Urban,0,0.099
RID-0452,25,37459.98134911069,0.2541,117,0,Urban,0,0.01563
RID-0453,56,20954.828465113205,0.3123,43,0,Rural,0,0.18922
RID-0454,54,110043.42756325338,0.123,20,0,Urban,0,0.09618
RID-0455,51,57365.20186406684,0.0609,20,0,Urban,0,0.06002
RID-0456,30,104520.73032416607,0.3425,21,0,Semi-Urban,0,0.04022
RID-0457,39,19176.192986450413,0.0374,82,1,Urban,0,0.06273
RID-0458,52,45680.78938628685,0.2531,57,0,Urban,0,0.10535
RID-0459,21,80012.45604414931,0.272,50,0,Urban,0,0.01842
RID-0460,25,64481.8651106671,0.0785,74,0,Urban,0,0.0521
RID-0461,24,73321.49732033646,0.5262,98,1,Urban,0,0.05738
RID-0462,36,28654.794155168576,0.2348,26,1,Urban,0,0.21454
RID-0463,44,94420.08732197323,0.1165,30,0,Urban,0,0.035
RID-0464,36,79425.40239393222,0.2061,73,1,Semi-Urban,0,0.001
RID-0465,22,70040.63763728684,0.3703,110,0,Rural,0,0.00282
RID-0466,48,42859.7429729548,0.0712,115,0,Urban,0,0.06648
RID-0467,52,68095.00319014864,0.1395,31,0,Urban,0,0.07721
RID-0468,47,52712.750525162744,0.3464,42,0,Urban,0,0.02276
RID-0469,40,18737.719749055956,0.462,119,0,Urban,0,0.1432
RID-0470,44,58739.428706962804,0.1243,68,0,Urban,0,0.001
RID-0471,32,56081.740044436854,0.4984,61,2,Semi-Urban,1,0.24424
RID-0472,55,86560.037746878,0.0773,61,0,Urban,0,0.02597
RID-0473,53,15000.0,0.1769,70,0,Semi-Urban,1,0.001
RID-0474,53,65879.99572136752,0.3654,78,0,Urban,0,0.04797
RID-0475,63,31110.798797357067,0.3008,68,1,Semi-Urban,0,0.19393
RID-0476,57,67980.58355488867,0.5506,90,0,Rural,0,0.0357
RID-0477,32,69357.00138943264,0.2259,111,1,Rural,0,0.03038
RID-0478,23,57828.880571745205,0.3143,112,0,Urban,0,0.001
RID-0479,21,80182.3281202771,0.5347,103,0,Semi-Urban,0,0.02189
RID-0480,53,28855.848522507524,0.0644,17,0,Semi-Urban,0,0.001
RID-0481,60,,0.0981,19,1,Rural,0,0.03911
RID-0482,30,42298.028345146464,0.1115,51,0,Urban,0,0.03286
RID-0483,63,21102.533737752616,0.3922,113,0,Rural,0,0.1145
RID-0484,64,53190.10073750478,0.1964,70,0,Urban,0,0.08381
RID-0485,49,15000.0,0.3885,63,0,Rural,0,0.23189
RID-0486,33,66354.34730615505,0.4041,93,3,Semi-Urban,0,0.20866
RID-0487,32,53518.73893549436,0.1591,75,1,Urban,0,0.01437
RID-0488,51,90842.1730344009,0.1582,80,0,Urban,0,0.001
RID-0489,22,76223.10526267489,0.1807,30,0,Urban,0,0.02861
RID-0490,55,25200.091570299744,0.4075,25,0,Rural,0,0.0488
RID-0491,43,39040.31272205287,0.2818,104,1,Urban,0,0.1344
RID-0492,37,73016.61051335523,0.0484,75,1,Urban,0,0.04086
RID-0493,46,81176.97524962586,0.166,71,1,Urban,0,0.02445
RID-0494,28,90562.522872172,0.6457,26,1,Rural,0,0.152
RID-0495,49,90362.7321326337,0.2448,56,1,Urban,0,0.07955
RID-0496,46,57761.93474380236,0.6683,22,0,Rural,1,0.34636
RID-0497,30,69066.39055627922,0.1702,89,0,Urban,0,0.07872
RID-0498,46,92468.46259859491,0.1129,19,0,Rural,0,0.001
RID-0499,54,52417.288451601285,0.3872,31,0,Semi-Urban,0,0.2277
RID-0500,61,69493.15467350309,0.1865,26,0,Urban,0,0.04672
RID-0501,27,51827.98050800871,0.1761,42,1,Urban,0,0.03405
RID-0502,24,46226.29713836432,0.3496,41,0,Semi-Urban,0,0.03048
RID-0503,31,61209.62795714509,0.4105,100,0,Urban,0,0.04104
RID-0504,49,42811.413716510215,0.383,23,0,Urban,0,0.15264
RID-0505,56,56727.100680756266,0.4446,47,1,Semi-Urban,1,0.17373
RID-0506,45,34126.128386696684,0.2275,13,1,Semi-Urban,0,0.10971
RID-0507,41,55250.140320440514,0.3082,89,0,Rural,0,0.001
RID-0508,56,71209.75734039654,0.5531,66,1,Urban,0,0.0965
RID-0509,30,45280.911594830104,0.5198,66,0,Urban,0,0.21206
RID-0510,57,60232.293813272816,0.3524,16,0,Urban,0,0.19184
RID-0511,29,63483.56484053161,0.3205,73,1,Rural,0,0.1527
RID-0512,44,71313.37229553337,0.4834,28,0,Rural,0,0.09523
RID-0513,55,56660.50396736961,0.6866,77,0,Semi-Urban,0,0.17408
RID-0514,55,87146.65854669515,0.2229,35,0,Urban,0,0.0257
RID-0515,56,15000.0,0.4156,41,1,Rural,1,0.30437
RID-0516,38,133443.82117919432,0.3536,77,0,Urban,0,0.00111
RID-0517,59,38221.65589906208,0.1656,31,1,Urban,0,0.04106
RID-0518,52,70084.75058385194,0.0172,85,0,Rural,1,0.01901
RID-0519,44,36538.30224485378,0.28,32,0,Urban,0,0.07982
RID-0520,43,76106.70398773254,0.1297,54,0,Rural,0,0.06931
RID-0521,52,66914.22881487319,0.1394,98,0,Rural,0,0.001
RID-0522,57,43732.161566372764,0.4097,72,0,Semi-Urban,0,0.06213
RID-0523,32,86827.18363525782,0.6037,59,0,Rural,1,0.11711
RID-0524,33,55900.97800995197,0.253,41,0,Semi-Urban,1,0.07243
RID-0525,43,73680.3984514251,0.3681,112,0,Urban,0,0.0135
RID-0526,45,37071.0048700991,0.4047,66,0,Urban,0,0.12475
RID-0527,55,59227.8091107105,0.5122,102,0,Urban,0,0.06602
RID-0528,61,110085.18167955262,0.5165,96,1,Urban,0,0.001
RID-0529,50,84074.13822785325,0.1445,54,0,Rural,0,0.01607
RID-0530,37,67690.5188862763,0.5328,40,0,Rural,0,0.0513
RID-0531,40,48776.9793097551,0.3781,28,2,Urban,0,0.21474
RID-0532,45,61687.46339687522,0.0775,37,0,Urban,0,0.08393
RID-0533,42,64939.149754309554,0.3094,105,0,Urban,0,0.03279
RID-0534,33,71230.71087299363,0.2909,65,0,Rural,0,0.10934
RID-0535,39,33083.487295558356,0.4809,105,0,Rural,0,0.02072
RID-0536,56,76710.19902355912,0.4193,74,1,Rural,0,0.12247
RID-0537,32,32760.17254263368,0.6164,55,0,Urban,0,0.39841
RID-0538,61,100778.14630704679,0.6636,4,0,Urban,0,0.0861
RID-0539,39,40709.29193957804,0.769,99,0,Rural,0,0.20201
RID-0540,32,67415.70799190439,0.5216,10,2,Rural,1,0.47537
RID-0541,29,85128.56433195045,0.2116,47,0,Urban,0,0.09528
RID-0542,27,53690.49891338876,0.0998,75,0,Rural,0,0.05134
RID-0543,48,68515.00047749646,0.7099,14,0,Urban,0,0.22063
RID-0544,34,95879.5387297513,0.2842,38,0,Rural,0,0.001
RID-0545,51,74110.07469733166,0.3081,12,0,Semi-Urban,0,0.06226
RID-0546,39,68888.76574185882,0.1436,45,1,Rural,0,0.01201
RID-0547,36,17880.365129488448,0.7024,17,1,Urban,0,0.57159
RID-0548,25,36656.943681494435,0.3859,80,1,Urban,0,0.14421
RID-0549,55,86173.0031912503,0.5487,35,0,Rural,0,0.01179
RID-0550,32,74248.75763353455,0.2462,66,0,Rural,0,0.09649
RID-0551,45,78036.65684462685,0.5863,75,1,Rural,0,0.09184
RID-0552,41,75884.92330537243,0.149,41,0,Rural,0,0.001
RID-0553,56,92243.91320938435,0.0739,67,0,Urban,0,0.02583
RID-0554,43,53465.00187612193,0.3446,29,0,Semi-Urban,0,0.09845
RID-0555,36,63012.49896973252,0.1759,18,0,Rural,0,0.15175
RID-0556,59,34283.1416717729,0.3165,20,1,Urban,0,0.26019
RID-0557,62,28049.435414090596,0.4034,111,0,Rural,0,0.17657
RID-0558,59,18906.48211029856,0.1894,14,0,Urban,0,0.17946
RID-0559,34,37870.912525003805,0.1795,34,0,Urban,0,0.001
RID-0560,51,98814.04538724106,0.3068,49,0,Urban,0,0.05617
RID-0561,25,21181.823304599056,0.3295,54,0,Rural,1,0.06623
RID-0562,55,52411.60036057005,0.28,31,0,Semi-Urban,0,0.1446
RID-0563,43,27671.366908846052,0.4156,58,0,Rural,0,0.16794
RID-0564,49,44975.65092491597,0.4388,104,1,Urban,0,0.29494
RID-0565,63,64242.34480880049,0.3772,42,0,Urban,1,0.09371
RID-0566,31,42497.1031698748,0.1907,58,1,Urban,1,0.14984
RID-0567,38,87241.62162541153,0.5503,82,0,Urban,0,0.03535
RID-0568,32,98349.45302123917,0.1279,30,0,Rural,0,0.00726
RID-0569,29,15000.0,0.2598,25,1,Semi-Urban,0,0.001
RID-0570,30,42925.19174122193,0.1608,63,0,Urban,0,0.001
RID-0571,64,61478.55305681056,0.1555,19,0,Rural,0,0.03751
RID-0572,37,88152.92565038451,0.0697,72,0,Semi-Urban,0,0.00934
RID-0573,58,48643.89312116844,0.1205,92,0,Urban,0,0.001
RID-0574,27,59501.615118854745,0.2167,8,1,Rural,0,0.00149
RID-0575,33,31081.394373701285,0.4375,95,0,Rural,0,0.10077
RID-0576,60,21680.103693441364,0.2834,3,0,Rural,0,0.08683
RID-0577,62,96134.61723957334,0.1268,67,0,Urban,0,0.03373
RID-0578,29,15000.0,0.35,108,0,Rural,0,0.06956
RID-0579,47,118215.47521053915,0.1548,86,0,Rural,0,0.02364
RID-0580,22,78128.78498454354,0.285,81,1,Urban,0,0.001
RID-0581,25,76999.3268879189,0.2518,100,0,Urban,0,0.001
RID-0582,49,74386.71668736075,0.2629,17,1,Urban,0,0.001
RID-0583,57,53682.8577999759,0.2574,14,0,Semi-Urban,0,0.03625
RID-0584,58,69802.11324252174,0.5039,115,0,Urban,0,0.07967
RID-0585,39,55277.58280538812,0.2919,9,0,Semi-Urban,0,0.11888
RID-0586,28,73826.83191101199,0.1555,62,2,Urban,0,0.09957
RID-0587,21,,0.1873,94,0,Urban,0,0.001
RID-0588,42,36241.295422456635,0.3553,21,0,Urban,0,0.10875
RID-0589,37,38235.6845934561,0.5195,76,0,Urban,1,0.12614
RID-0590,27,35393.19061768741,0.065,37,1,Urban,0,0.07574
RID-0591,45,84272.51829835774,0.1617,96,0,Rural,0,0.06406
RID-0592,24,44563.83468852255,0.2609,11,0,Urban,0,0.16263
RID-0593,56,15000.0,0.1006,20,0,Urban,0,0.11632
RID-0594,26,69920.96664622013,0.2731,35,0,Urban,0,0.001
RID-0595,51,97862.93906473953,0.3144,53,1,Rural,0,0.04761
RID-0596,39,79327.07972943818,0.3828,47,1,Rural,0,0.001
RID-0597,64,44916.91086945719,0.3954,110,0,Rural,1,0.10879
RID-0598,59,20329.70711012277,0.29,75,0,Semi-Urban,0,0.1519
RID-0599,47,56643.29741606224,0.6141,52,0,Urban,0,0.07242
RID-0600,30,56019.403047582244,0.1388,8,0,Urban,0,0.0044
RID-0601,46,35770.009742155846,0.5058,4,1,Urban,0,0.2087
RID-0602,39,73775.93255606343,0.3678,27,0,Urban,0,0.07897
RID-0603,59,106165.66252076182,0.1042,44,0,Rural,0,0.001
RID-0604,23,65557.0679364571,0.1675,40,0,Urban,0,0.06005
RID-0605,33,64011.90517497114,0.4586,102,0,Urban,0,0.00745
RID-0606,48,36569.29877915443,0.4385,47,1,Urban,0,0.22024
RID-0607,40,94935.3675765093,0.1823,94,0,Semi-Urban,0,0.08206
RID-0608,48,58121.39582974958,0.19,44,0,Semi-Urban,0,0.02585
RID-0609,28,45525.918620145734,0.1863,48,0,Urban,0,0.001
RID-0610,61,61592.2098412904,0.3891,112,0,Urban,0,0.001
RID-0611,59,71799.03333116522,0.2156,91,0,Semi-Urban,0,0.01281
RID-0612,21,63480.38521612258,0.4899,85,0,Semi-Urban,0,0.04576
RID-0613,23,90153.8348917648,0.2447,52,0,Urban,0,0.01716
RID-0614,33,69599.28881367156,0.7079,84,0,Urban,0,0.14854
RID-0615,48,52901.45472793663,0.2674,68,0,Semi-Urban,0,0.13572
RID-0616,45,70029.80540817225,0.2648,11,1,Rural,0,0.16025
RID-0617,53,,0.3014,77,0,Urban,0,0.001
RID-0618,58,27590.60201840395,0.2108,73,0,Rural,0,0.05053
RID-0619,26,88735.49320659287,0.3627,4,0,Semi-Urban,0,0.12384
RID-0620,64,52477.39951596602,0.5302,76,2,Semi-Urban,0,0.40779
RID-0621,52,53116.91941236425,0.2346,73,0,Rural,0,0.04009
RID-0622,41,78784.39967689864,0.2323,77,0,Rural,1,0.001
RID-0623,36,78679.13060648953,0.1631,48,0,Urban,0,0.00204
RID-0624,41,42479.20802834786,0.4358,26,0,Semi-Urban,1,0.20165
RID-0625,31,80072.54045364216,0.2511,102,3,Urban,0,0.10127
RID-0626,57,45988.796212761896,0.2852,106,0,Semi-Urban,0,0.05078
RID-0627,56,105489.32616746638,0.1584,77,0,Urban,0,0.0824
RID-0628,55,39295.1504683559,0.1618,39,0,Semi-Urban,0,0.16132
RID-0629,39,65986.93654264741,0.0737,92,0,Urban,0,0.001
RID-0630,40,40449.559077309816,0.3062,58,0,Urban,0,0.08812
RID-0631,38,115567.39072837688,0.2056,19,1,Urban,0,0.05989
RID-0632,61,29054.4763978221,0.1225,88,3,Rural,0,0.21168
RID-0633,34,73109.06868132277,0.4609,83,1,Semi-Urban,0,0.07304
RID-0634,35,,0.2744,113,0,Rural,0,0.01151
RID-0635,51,51147.30896380033,0.1838,77,2,Urban,0,0.07293
RID-0636,21,71338.4458436294,0.3353,77,0,Urban,0,0.03893
RID-0637,23,90614.61094065357,0.4187,58,0,Semi-Urban,0,0.001
RID-0638,36,100584.91405747614,0.1845,28,0,Rural,0,0.001
RID-0639,43,21576.30099934199,0.1051,117,1,Rural,0,0.03716
RID-0640,31,66693.78060911155,0.2268,66,0,Rural,0,0.001
RID-0641,32,96487.34008458804,0.218,10,0,Rural,0,0.08433
RID-0642,30,17867.226530951484,0.3873,86,0,Urban,0,0.07079
RID-0643,52,67859.58735137118,0.4962,77,0,Rural,0,0.03998
RID-0644,36,59947.905064495404,0.6828,58,1,Rural,1,0.19572
RID-0645,28,70363.5453594947,0.4123,73,0,Semi-Urban,0,0.02037
RID-0646,58,40692.399366838115,0.1956,97,0,Semi-Urban,0,0.06915
RID-0647,32,24109.529294663997,0.0212,14,0,Urban,0,0.02514
RID-0648,44,15000.0,0.3175,112,1,Urban,0,0.07116
RID-0649,48,84409.59883655257,0.0879,84,1,Urban,0,0.00747
RID-0650,28,87601.22841208384,0.347,15,0,Urban,0,0.06342
RID-0651,48,67567.13372489964,0.2975,96,0,Rural,0,0.001
RID-0652,56,46646.29125779758,0.1208,33,0,Semi-Urban,0,0.08533
RID-0653,46,19423.852663356367,0.2419,17,1,Urban,0,0.14428
RID-0654,28,74083.6365626256,0.3718,24,0,Urban,0,0.00139
RID-0655,48,32480.51792908288,0.3463,30,0,Semi-Urban,1,0.18282
RID-0656,48,42217.53438098656,0.283,62,0,Semi-Urban,0,0.07366
RID-0657,57,45335.89801093203,0.0363,13,1,Urban,0,0.1678
RID-0658,61,55061.6193575758,0.4528,62,0,Rural,0,0.16825
RID-0659,56,41023.98881978379,0.3299,47,1,Urban,0,0.19803
RID-0660,47,60836.46927480756,0.26,112,0,Urban,0,0.07158
RID-0661,37,44454.542487340215,0.3083,16,0,Urban,0,0.13074
RID-0662,29,77534.32662098057,0.196,66,0,Urban,0,0.02726
RID-0663,53,85776.57284970133,0.7508,81,0,Urban,0,0.10946
RID-0664,40,62713.56690071096,0.3743,96,0,Semi-Urban,0,0.001
RID-0665,33,71565.65838452756,0.4289,43,0,Rural,0,0.1075
RID-0666,48,112946.39874064724,0.485,8,1,Urban,1,0.001
RID-0667,49,30684.9185784671,0.1561,116,0,Urban,0,0.0801
RID-0668,33,29163.29746799736,0.1145,3,0,Urban,0,0.04904
RID-0669,55,77374.94751942187,0.2376,12,1,Rural,0,0.15778
RID-0670,26,108663.57093786914,0.5604,84,0,Semi-Urban,0,0.0447
RID-0671,38,53487.535951531936,0.1644,16,0,Urban,0,0.10172
RID-0672,25,103170.84605546901,0.2066,78,0,Urban,0,0.001
RID-0673,45,62410.84296983725,0.3521,80,1,Rural,0,0.0309
RID-0674,22,42977.81794902295,0.4668,59,0,Rural,0,0.04182
RID-0675,30,35232.69028405742,0.3078,117,0,Urban,0,0.10176
RID-0676,50,75735.33962216969,0.1664,49,0,Rural,0,0.06647
RID-0677,25,37126.02330543258,0.3295,63,1,Rural,0,0.08406
RID-0678,53,62031.921069175696,0.2215,62,0,Urban,0,0.07181
RID-0679,21,99586.62563460234,0.0749,107,0,Urban,0,0.02798
RID-0680,38,52330.49017821574,0.2143,49,0,Urban,0,0.04079
RID-0681,52,92850.23686609749,0.4,51,0,Semi-Urban,0,0.03784
RID-0682,31,29636.412756839833,0.2566,118,0,Semi-Urban,0,0.00614
RID-0683,41,46652.27246708,0.1324,33,0,Semi-Urban,0,0.04522
RID-0684,46,24821.39934462709,0.6792,30,1,Rural,0,0.52345
RID-0685,45,61824.91889933394,0.2233,59,0,Rural,0,0.03607
RID-0686,42,79501.95449291458,0.1148,76,1,Rural,0,0.001
RID-0687,47,61879.67719015465,0.2324,15,0,Semi-Urban,0,0.02127
RID-0688,33,90676.25149925379,0.2747,82,0,Urban,0,0.001
RID-0689,53,41270.51898427175,0.1385,92,0,Urban,0,0.02689
RID-0690,54,65633.56884222668,0.2716,23,1,Rural,0,0.22323
RID-0691,61,46813.26690965359,0.2515,78,1,Rural,1,0.14597
RID-0692,55,69041.91463559138,0.2061,94,0,Urban,0,0.001
RID-0693,21,72593.40115531064,0.2692,97,1,Rural,0,0.04144
RID-0694,41,74559.89899960157,0.1785,45,0,Rural,0,0.001
RID-0695,26,33235.14154410995,0.2516,62,0,Urban,0,0.06096
RID-0696,48,37756.34745533578,0.2298,79,2,Rural,0,0.31837
RID-0697,37,42392.80729522028,0.2853,71,1,Urban,0,0.01441
RID-0698,25,54027.981303335066,0.2054,15,0,Semi-Urban,0,0.07107
RID-0699,51,62179.66010516076,0.5062,116,0,Urban,0,0.001
RID-0700,25,77702.22804641692,0.2591,106,0,Rural,0,0.02987
RID-0701,58,38797.532516519204,0.054,46,0,Urban,0,0.0393
RID-0702,23,19974.517557456194,0.2705,64,0,Urban,0,0.06027
RID-0703,43,113893.57908016976,0.2325,102,0,Rural,1,0.001
RID-0704,57,31713.67448368925,0.4069,46,1,Urban,0,0.19346
RID-0705,57,80908.09307488878,0.6521,56,1,Urban,0,0.21346
RID-0706,30,60781.671931216864,0.2139,118,0,Urban,0,0.0216
RID-0707,30,66282.64102015951,0.6567,44,0,Semi-Urban,1,0.07489
RID-0708,39,59961.23735410243,0.4242,75,0,Rural,0,0.13665
RID-0709,37,50378.95295132186,0.2534,29,1,Urban,0,0.14381
RID-0710,41,71599.30707308647,0.2812,95,0,Rural,0,0.01769
RID-0711,34,49035.31984356761,0.5557,62,0,Semi-Urban,0,0.05917
RID-0712,29,89157.56868091974,0.3852,89,1,Rural,0,0.03903
RID-0713,21,74211.02515640386,0.1875,52,0,Urban,0,0.03728
RID-0714,33,74989.85283203734,0.4382,54,0,Rural,0,0.001
RID-0715,24,47321.923498585245,0.3824,88,1,Urban,1,0.16666
RID-0716,21,54091.131572775106,0.3567,57,0,Urban,0,0.04781
RID-0717,60,30302.179783948377,0.4241,83,0,Urban,1,0.36524
RID-0718,52,51174.59858186095,0.1229,66,0,Rural,0,0.04593
RID-0719,54,34085.60209109257,0.3171,22,0,Urban,0,0.12337
RID-0720,48,92826.71288971788,0.1776,20,0,Semi-Urban,0,0.05606
RID-0721,51,61263.39538985015,0.5119,33,0,Urban,0,0.1092
RID-0722,28,64262.43087601077,0.3888,72,0,Urban,0,0.09838
RID-0723,59,54371.336816249466,0.4496,25,0,Urban,1,0.20469
RID-0724,46,64939.4730512852,0.4999,46,0,Urban,0,0.09445
RID-0725,54,121621.94089644209,0.2895,73,2,Urban,0,0.09332
RID-0726,23,52496.492890187714,0.3632,98,1,Urban,0,0.11242
RID-0727,32,43739.67413225016,0.1858,57,1,Urban,0,0.11603
RID-0728,21,73242.32832263607,0.2309,87,0,Urban,0,0.08995
RID-0729,64,15000.0,0.349,5,0,Urban,0,0.14972
RID-0730,25,61598.91967277332,0.2442,55,1,Urban,0,0.11988
RID-0731,50,50707.17741767748,0.4112,61,0,Rural,0,0.18444
RID-0732,50,35192.16834909764,0.2458,89,0,Rural,0,0.10503
RID-0733,37,72693.9417577875,0.0381,8,0,Rural,0,0.01129
RID-0734,43,61349.71046114482,0.5624,16,0,Urban,0,0.04081
RID-0735,35,15000.0,0.129,118,0,Rural,0,0.05075
RID-0736,57,43836.76197018906,0.4022,48,0,Semi-Urban,0,0.001
RID-0737,41,,0.1722,109,1,Urban,0,0.05163
RID-0738,34,67331.73285333757,0.1704,116,1,Urban,0,0.01758
RID-0739,22,67082.48546100393,0.2621,61,0,Urban,0,0.01158
RID-0740,31,40167.952654158165,0.0604,15,1,Urban,0,0.06145
RID-0741,59,73502.81779207816,0.5176,65,0,Urban,0,0.05652
RID-0742,58,27937.534471961942,0.1227,22,3,Rural,1,0.38375
RID-0743,54,35837.074351625175,0.1614,3,0,Urban,0,0.19103
RID-0744,58,70429.7616095641,0.0678,102,0,Semi-Urban,0,0.0952
RID-0745,54,42783.331125926416,0.1032,54,0,Urban,0,0.07936
RID-0746,38,58433.576094938886,0.2431,14,0,Urban,0,0.03345
RID-0747,50,45908.77431434143,0.3829,36,1,Semi-Urban,0,0.06527
RID-0748,35,49726.7210925204,0.5144,82,0,Semi-Urban,1,0.04575
RID-0749,47,50819.394601125176,0.1334,111,0,Urban,0,0.02794
RID-0750,54,42331.08106954556,0.092,105,0,Rural,0,0.06723
RID-0751,58,67561.2428590031,0.1445,82,0,Semi-Urban,0,0.01876
RID-0752,53,44301.78783115127,0.3768,67,1,Urban,0,0.17594
RID-0753,44,60392.16784489006,0.1344,10,2,Urban,1,0.20257
RID-0754,35,41781.707965639915,0.3187,49,1,Semi-Urban,0,0.14365
RID-0755,50,21642.53434038854,0.4409,103,0,Urban,0,0.12736
RID-0756,62,82810.88123147916,0.0958,111,0,Urban,0,0.001
RID-0757,37,72488.1746273852,0.127,65,0,Urban,0,0.03976
RID-0758,25,117217.05171994181,0.3218,91,1,Urban,0,0.04215
RID-0759,49,33900.67900004354,0.4553,57,0,Semi-Urban,0,0.12238
RID-0760,24,54775.987816699235,0.4037,27,0,Urban,0,0.001
RID-0761,30,56787.31297860485,0.0449,75,0,Semi-Urban,0,0.00328
RID-0762,37,84734.23595705329,0.8089,113,0,Urban,0,0.13714
RID-0763,30,47322.302646684795,0.376,5,1,Urban,0,0.09761
RID-0764,37,30723.953645603637,0.1862,71,0,Urban,0,0.05069
RID-0765,40,90195.23271152505,0.3551,83,0,Rural,0,0.11904
RID-0766,44,52083.7492684693,0.1717,57,0,Semi-Urban,0,0.10359
RID-0767,25,81966.08774315107,0.4023,93,0,Urban,0,0.0837
RID-0768,54,79054.96001980528,0.187,15,1,Urban,0,0.03883
RID-0769,26,59252.73815244251,0.0644,99,0,Rural,0,0.06258
RID-0770,22,55642.157374131304,0.3221,111,0,Rural,0,0.073
RID-0771,33,50210.87984175489,0.3333,101,0,Urban,0,0.02364
RID-0772,63,59620.171780750265,0.3617,119,0,Rural,0,0.03342
RID-0773,63,81577.50565426577,0.1162,76,0,Rural,0,0.02711
RID-0774,31,40088.99547351051,0.4241,30,0,Urban,0,0.06385
RID-0775,43,62721.14075522801,0.3732,20,1,Urban,0,0.10179
RID-0776,36,32034.214295029808,0.1833,37,0,Urban,0,0.06537
RID-0777,51,35147.34417394518,0.2283,3,0,Rural,0,0.17922
RID-0778,31,59226.5250711094,0.5281,73,0,Rural,0,0.03672
RID-0779,36,15000.0,0.2874,41,1,Urban,1,0.1643
RID-0780,28,111513.9654154013,0.4505,39,0,Urban,0,0.04798
RID-0781,24,30173.501127244093,0.3305,26,0,Urban,0,0.13629
RID-0782,60,58997.787183586166,0.5602,2,1,Semi-Urban,0,0.47946
RID-0783,24,89205.44304542162,0.3094,23,0,Urban,0,0.09711
RID-0784,45,38427.36653123754,0.441,23,0,Urban,0,0.08537
RID-0785,23,15000.0,0.2916,85,0,Urban,0,0.03063
RID-0786,52,48876.35599688321,0.3123,16,0,Urban,0,0.09988
RID-0787,23,38129.490498097024,0.3131,9,0,Urban,0,0.03728
RID-0788,47,15000.0,0.0758,13,1,Urban,0,0.03085
RID-0789,49,67122.24731430497,0.4198,28,0,Urban,0,0.14676
RID-0790,52,65177.34655582379,0.2591,27,1,Rural,0,0.1061
RID-0791,39,88558.1613634588,0.1861,51,1,Urban,1,0.0272
RID-0792,41,31979.44086199032,0.1196,64,0,Urban,0,0.00776
RID-0793,25,20021.58783882468,0.043,52,0,Rural,0,0.10652
RID-0794,38,49831.9229238354,0.6058,81,0,Urban,0,0.19667
RID-0795,48,57791.43352477263,0.3209,38,0,Rural,0,0.02226
RID-0796,62,83033.7400746624,0.2415,100,2,Urban,0,0.02664
RID-0797,42,95264.20012512896,0.1902,65,0,Urban,0,0.001
RID-0798,41,90361.97834768367,0.3832,18,0,Urban,0,0.10671
RID-0799,26,66913.59167231666,0.312,63,1,Urban,0,0.10318
RID-0800,21,79987.4813376037,0.21,51,0,Semi-Urban,0,0.001
RID-0801,25,43987.6641307704,0.1075,9,0,Urban,0,0.001
RID-0802,61,64209.87981188116,0.2611,13,0,Urban,0,0.04937
RID-0803,32,30217.746517804848,0.6581,40,1,Urban,1,0.24893
RID-0804,46,61567.13492217183,0.2388,55,0,Urban,0,0.001
RID-0805,54,62216.167434950316,0.3224,109,0,Urban,0,0.00313
RID-0806,34,103053.21514212425,0.1913,79,0,Urban,0,0.02672
RID-0807,46,54275.42846274383,0.371,43,0,Urban,0,0.10544
RID-0808,47,62251.07094133216,0.2165,44,0,Semi-Urban,0,0.05715
RID-0809,29,65924.03539280107,0.173,110,0,Urban,0,0.001
RID-0810,46,48629.492102788674,0.5103,68,0,Rural,1,0.17267
RID-0811,42,39937.68166970882,0.0895,33,0,Semi-Urban,0,0.001
RID-0812,50,92470.2831211763,0.6259,24,0,Urban,0,0.03981
RID-0813,63,35477.06392599256,0.2825,36,1,Semi-Urban,0,0.23653
RID-0814,37,26802.048207818174,0.4241,115,0,Rural,0,0.001
RID-0815,46,77006.63448238702,0.3111,105,0,Urban,1,0.02457
RID-0816,56,88945.37105060024,0.0856,10,0,Semi-Urban,0,0.01338
RID-0817,21,48714.758559984024,0.2743,100,0,Urban,0,0.02746
RID-0818,28,49098.66280875301,0.1504,20,1,Urban,0,0.09289
RID-0819,55,67063.58815266982,0.2941,105,0,Rural,0,0.04598
RID-0820,35,42303.683081420415,0.2654,109,1,Urban,0,0.03309
RID-0821,42,40457.186984700784,0.0943,108,1,Urban,1,0.02037
RID-0822,34,81989.81469965914,0.6615,75,1,Urban,0,0.18995
RID-0823,46,75178.27751959045,0.523,12,3,Rural,1,0.48284
RID-0824,48,92778.97215795264,0.1947,62,0,Rural,0,0.13259
RID-0825,43,28685.274690862607,0.2321,18,0,Rural,0,0.16707
RID-0826,34,47438.437827234586,0.1981,94,0,Semi-Urban,0,0.00762
RID-0827,44,67029.48905673632,0.2633,108,1,Urban,0,0.04451
RID-0828,22,36859.47875564084,0.1307,112,2,Urban,0,0.10032
RID-0829,46,76042.18592886624,0.2581,101,0,Rural,0,0.06988
RID-0830,34,90615.6771806583,0.2273,63,0,Rural,0,0.05539
RID-0831,27,45416.05069431629,0.3596,84,0,Urban,0,0.07269
RID-0832,23,60964.798505675826,0.5803,25,0,Urban,0,0.08438
RID-0833,43,96390.46725202791,0.6441,12,2,Semi-Urban,1,0.23818
RID-0834,63,104981.78937547498,0.2838,21,0,Semi-Urban,0,0.09742
RID-0835,38,78645.0312765101,0.5078,25,0,Rural,0,0.001
RID-0836,58,74835.72932984022,0.7014,11,0,Urban,0,0.20012
RID-0837,55,38656.5866328772,0.2088,64,0,Semi-Urban,0,0.00119
RID-0838,35,68980.23501144603,0.0986,73,0,Semi-Urban,0,0.05945
RID-0839,45,73920.52101937495,0.1561,50,0,Urban,0,0.001
RID-0840,57,54740.746035973854,0.0469,62,0,Semi-Urban,0,0.09015
RID-0841,48,45130.593636108446,0.5799,89,1,Semi-Urban,0,0.0929
RID-0842,30,27967.55816307863,0.4324,99,0,Semi-Urban,0,0.03842
RID-0843,59,16556.756123717692,0.5275,116,0,Semi-Urban,1,0.30777
RID-0844,37,15000.0,0.3992,96,0,Rural,0,0.16125
RID-0845,59,74486.06432168154,0.0828,49,0,Rural,0,0.10259
RID-0846,42,63692.483130669425,0.2467,14,0,Urban,0,0.0739
RID-0847,46,47904.721711472586,0.5682,1,0,Rural,1,0.20618
RID-0848,64,51713.592556884025,0.3913,81,0,Rural,0,0.24929
RID-0849,45,65261.763538262116,0.3328,25,0,Semi-Urban,0,0.0882
RID-0850,37,55885.92322478515,0.1128,59,0,Urban,0,0.00782
RID-0851,33,26486.170499904292,0.0643,72,0,Rural,0,0.05751
RID-0852,40,82825.00550685749,0.3317,69,0,Urban,0,0.08785
RID-0853,45,67603.15426674523,0.5022,5,1,Rural,1,0.28889
RID-0854,24,66647.46199534621,0.5697,105,0,Rural,0,0.09139
RID-0855,30,80939.06758395932,0.2781,99,0,Urban,0,0.03194
RID-0856,23,39658.86609850814,0.6428,19,0,Urban,0,0.22362
RID-0857,61,90343.28594314605,0.1089,23,1,Urban,0,0.10202
RID-0858,38,56498.92870144405,0.5142,9,0,Urban,0,0.08612
RID-0859,56,82214.97200827187,0.1213,118,0,Rural,0,0.001
RID-0860,42,78361.22583719136,0.1134,94,0,Urban,0,0.08628
RID-0861,54,34029.9542999361,0.3557,50,0,Urban,0,0.17333
RID-0862,28,72572.51012285339,0.1857,16,0,Urban,0,0.11599
RID-0863,60,68156.86677116713,0.1823,33,0,Urban,0,0.01388
RID-0864,64,60757.79143735856,0.3049,2,1,Rural,0,0.22278
RID-0865,39,57640.70624911547,0.3988,14,0,Urban,0,0.16364
RID-0866,62,57852.66875705521,0.3672,110,0,Semi-Urban,0,0.02687
RID-0867,61,80317.23564109989,0.1058,1,0,Urban,0,0.00519
RID-0868,57,74447.76284478775,0.47,90,0,Urban,0,0.00546
RID-0869,26,60761.97125664162,0.5647,58,1,Urban,0,0.22119
RID-0870,46,22701.596338215633,0.5088,89,1,Rural,0,0.21611
RID-0871,54,72361.08535209046,0.208,16,0,Rural,0,0.05483
RID-0872,26,78090.34047944448,0.2988,79,1,Semi-Urban,0,0.001
RID-0873,57,117510.25213617425,0.1624,90,0,Rural,0,0.03909
RID-0874,53,86885.82657762595,0.3548,47,0,Urban,0,0.05875
RID-0875,42,15000.0,0.3938,44,0,Rural,0,0.1615
RID-0876,41,61960.73497546607,0.3918,80,0,Semi-Urban,0,0.03591
RID-0877,26,105284.37571662453,0.5236,14,0,Urban,0,0.14464
RID-0878,26,75588.72142254093,0.2186,93,0,Urban,0,0.01105
RID-0879,24,68216.30400933023,0.4377,24,0,Rural,0,0.02963
RID-0880,50,82505.7164728809,0.4654,111,0,Urban,0,0.03387
RID-0881,31,44440.545125229924,0.219,55,1,Semi-Urban,0,0.12466
RID-0882,50,71952.24991568639,0.1708,15,0,Urban,0,0.001
RID-0883,51,53738.299025202235,0.6349,83,1,Urban,1,0.21048
RID-0884,44,59509.41285473813,0.4106,72,1,Semi-Urban,1,0.27074
RID-0885,29,80711.36289237766,0.3017,34,0,Semi-Urban,0,0.00846
RID-0886,23,36832.172437695466,0.1918,2,1,Urban,0,0.00208
RID-0887,51,92199.56184504846,0.317,27,0,Semi-Urban,0,0.001
RID-0888,60,49429.70097286142,0.0545,74,1,Urban,0,0.16481
RID-0889,57,66516.57082876019,0.1165,99,1,Urban,0,0.07134
RID-0890,56,24987.300993126424,0.1789,87,0,Semi-Urban,0,0.02
RID-0891,44,77995.93227178475,0.4807,113,0,Urban,0,0.05137
RID-0892,51,96162.59839866444,0.4367,72,0,Urban,0,0.00816
RID-0893,26,47133.96126954632,0.4423,92,0,Urban,0,0.001
RID-0894,22,32244.415337260005,0.0698,23,0,Rural,0,0.07546
RID-0895,40,66949.57661856772,0.1651,68,0,Urban,0,0.001
RID-0896,48,96370.26612479356,0.5022,14,0,Rural,0,0.19537
RID-0897,31,,0.2804,63,2,Rural,0,0.1831
RID-0898,24,32342.29546929145,0.5891,117,1,Urban,0,0.18014
RID-0899,35,48645.26104221211,0.0877,106,1,Rural,0,0.01978
RID-0900,26,39491.40438673261,0.1504,93,3,Semi-Urban,0,0.18977
RID-0901,50,39570.36333477512,0.4413,65,0,Urban,0,0.12618
RID-0902,58,15000.0,0.1592,68,0,Urban,0,0.001
RID-0903,22,74726.42368514668,0.2874,63,0,Urban,0,0.03459
RID-0904,35,68468.01257174088,0.3419,96,0,Rural,0,0.00369
RID-0905,31,17528.770004908867,0.4513,97,0,Semi-Urban,1,0.10271
RID-0906,28,96429.89399890616,0.1671,113,0,Urban,0,0.00758
RID-0907,46,102027.30787326218,0.176,90,0,Urban,0,0.00594
RID-0908,64,41227.36125549715,0.5059,81,0,Urban,0,0.01663
RID-0909,25,89163.71477442514,0.6177,103,0,Rural,0,0.05737
RID-0910,26,45675.05487522635,0.2932,87,0,Urban,0,0.16984
RID-0911,46,64527.91275527652,0.4235,64,0,Semi-Urban,0,0.0655
RID-0912,24,39105.94662447728,0.2544,32,0,Urban,0,0.08325
RID-0913,39,115356.28808655689,0.1678,116,1,Rural,0,0.00759
RID-0914,40,52599.56931675255,0.3972,79,0,Urban,0,0.01818
RID-0915,53,63161.22557058656,0.2622,13,0,Rural,0,0.07646
RID-0916,40,42801.565313404324,0.3211,66,0,Urban,0,0.001
RID-0917,32,106532.88993090986,0.1744,19,0,Rural,0,0.001
RID-0918,21,107165.36615223525,0.3694,24,0,Urban,0,0.00139
RID-0919,46,100773.22953157351,0.1672,109,0,Urban,0,0.0468
RID-0920,34,83911.00870869056,0.7053,88,0,Urban,0,0.13962
RID-0921,58,44380.26132664869,0.3101,11,0,Rural,1,0.28057
RID-0922,57,80696.25239906045,0.3604,59,0,Urban,0,0.10046
RID-0923,31,59823.930026881615,0.376,86,0,Urban,0,0.02669
RID-0924,56,92810.2155435658,0.0964,15,0,Semi-Urban,0,0.10323
RID-0925,33,87897.55133413404,0.3402,10,0,Semi-Urban,0,0.05942
RID-0926,63,43768.36054810189,0.2783,41,0,Urban,0,0.1243
RID-0927,23,83695.6450709304,0.3612,27,0,Rural,0,0.03611
RID-0928,53,77050.86125109816,0.2207,60,1,Urban,0,0.0863
RID-0929,26,15000.0,0.3224,73,0,Rural,0,0.06296
RID-0930,30,80023.41599073655,0.0517,52,1,Semi-Urban,0,0.001
RID-0931,25,49205.105283994846,0.4534,28,0,Urban,0,0.18736
RID-0932,43,37848.93864170816,0.4668,65,2,Rural,0,0.47288
RID-0933,30,38918.48489265643,0.4512,17,1,Urban,1,0.30068
RID-0934,64,56618.927609199214,0.4025,95,0,Rural,0,0.08191
RID-0935,22,72001.48950216708,0.1194,44,1,Rural,0,0.001
RID-0936,33,25863.449445195496,0.4308,10,0,Semi-Urban,0,0.14726
RID-0937,60,64746.19590531161,0.3395,63,2,Urban,0,0.22167
RID-0938,22,74418.9516548268,0.517,101,0,Urban,0,0.05324
RID-0939,40,106545.1445917408,0.0547,93,0,Urban,0,0.001
RID-0940,21,33082.745769371744,0.1256,82,0,Semi-Urban,0,0.036
RID-0941,57,51259.69533055491,0.2028,47,0,Rural,0,0.07433
RID-0942,29,66541.57431741197,0.4322,38,2,Rural,0,0.27032
RID-0943,37,88685.23325479016,0.6036,103,0,Urban,0,0.001
RID-0944,29,52394.40297070465,0.3991,113,0,Semi-Urban,0,0.0973
RID-0945,31,89966.03429977628,0.1786,70,0,Semi-Urban,0,0.00146
RID-0946,35,15000.0,0.134,104,0,Rural,0,0.10797
RID-0947,44,28666.29517195285,0.1832,76,0,Urban,0,0.001
RID-0948,58,68716.10860835551,0.1417,53,0,Urban,0,0.001
RID-0949,55,24729.38754780312,0.247,78,0,Rural,0,0.27319
RID-0950,50,30638.23683083208,0.1818,44,0,Rural,0,0.11181
RID-0951,51,46805.578393851516,0.2284,119,0,Urban,0,0.001
RID-0952,25,79285.9747978956,0.1813,74,0,Rural,0,0.001
RID-0953,64,15000.0,0.0399,54,0,Urban,0,0.11682
RID-0954,34,64257.45905405986,0.4088,20,0,Rural,0,0.04189
RID-0955,31,85824.09867882014,0.361,79,0,Urban,0,0.05237
RID-0956,29,55126.36978927604,0.2235,31,0,Urban,0,0.04612
RID-0957,54,50779.24426018649,0.4069,7,1,Urban,1,0.23483
RID-0958,32,70044.28206396435,0.0987,58,0,Urban,0,0.07367
RID-0959,55,55197.223681964,0.5518,105,0,Urban,0,0.02176
RID-0960,55,94762.49453101866,0.484,10,0,Semi-Urban,0,0.13977
RID-0961,21,32214.674696639126,0.2542,10,0,Urban,0,0.001
RID-0962,60,58708.89612087287,0.1655,112,1,Urban,0,0.03676
RID-0963,42,65142.15937401711,0.4522,39,1,Urban,0,0.19908
RID-0964,49,50538.64870383851,0.0881,28,0,Urban,0,0.001
RID-0965,28,15000.0,0.3063,30,0,Urban,0,0.18843
RID-0966,31,55977.37729877018,0.1108,37,0,Urban,0,0.001
RID-0967,61,82504.42467281166,0.4844,119,0,Rural,0,0.04168
RID-0968,57,79452.72965315044,0.0516,67,0,Urban,0,0.001
RID-0969,34,68869.46205425498,0.3186,114,1,Rural,0,0.06076
RID-0970,50,32553.441041269412,0.1612,43,0,Urban,0,0.08105
RID-0971,55,69882.7365614621,0.3897,79,1,Urban,0,0.1004
RID-0972,41,45664.05446144405,0.1984,85,0,Urban,0,0.05712
RID-0973,57,68837.07264871667,0.2982,52,1,Semi-Urban,0,0.07848
RID-0974,25,63037.62528504289,0.3414,101,0,Rural,0,0.0688
RID-0975,39,35590.618217915704,0.2625,56,0,Rural,0,0.001
RID-0976,34,37688.604016077414,0.2049,76,0,Urban,0,0.11246
RID-0977,46,68875.56136053792,0.4148,68,0,Semi-Urban,0,0.0514
RID-0978,24,54472.17261778746,0.3631,111,0,Urban,0,0.001
RID-0979,45,38992.96423357178,0.2419,9,2,Urban,0,0.30094
RID-0980,62,,0.3049,103,2,Rural,0,0.2943
RID-0981,45,52404.2288003446,0.1357,106,0,Urban,0,0.00401
RID-0982,38,99202.61986795525,0.2892,92,1,Semi-Urban,0,0.0452
RID-0983,60,46848.04919470103,0.2033,23,0,Urban,0,0.12186
RID-0984,28,59649.511543560286,0.1683,63,0,Semi-Urban,0,0.001
RID-0985,59,62541.10719223775,0.245,109,1,Rural,1,0.13628
RID-0986,60,31724.340212701427,0.138,61,1,Rural,0,0.09078
RID-0987,34,15929.187903932623,0.5333,40,0,Urban,1,0.22429
RID-0988,52,34333.98163160673,0.0866,44,0,Urban,0,0.04658
RID-0989,58,66176.93444515757,0.4718,86,1,Semi-Urban,0,0.11417
RID-0990,53,62183.27644788523,0.1081,24,0,Urban,0,0.03686
RID-0991,43,77560.16422877663,0.5502,51,0,Rural,0,0.10695
RID-0992,35,62418.74737397791,0.0837,58,0,Semi-Urban,0,0.03749
RID-0993,53,57261.26771326991,0.1612,90,0,Urban,0,0.04921
RID-0994,45,44899.69312687182,0.594,94,0,Rural,0,0.351
RID-0995,37,82115.16974656732,0.7477,33,0,Rural,1,0.23702
RID-0996,53,37020.496531982084,0.3109,16,0,Urban,0,0.17669
RID-0997,22,32240.01206759948,0.3947,22,0,Urban,0,0.08381
RID-0998,34,74176.38793470258,0.3691,113,0,Urban,0,0.001
RID-0999,60,26671.06723365863,0.1403,57,0,Urban,0,0.07816
RID-1000,60,120369.77496646577,0.2721,62,1,Rural,0,0.09168
